{"cameraMode":{"drawMode":0,"name":"Shaded","section":"Shading Mode"},"sceneLighting":true,"audioPlay":false,"sceneViewState":{"m_AlwaysRefresh":false,"showFog":true,"showSkybox":false,"showFlares":true,"showImageEffects":true,"showParticleSystems":true,"showVisualEffectGraphs":true,"m_FxEnabled":true},"in2DMode":false,"pivot":{"x":-0.2474474459886551,"y":-1.7961443662643433,"z":0.17797917127609254},"rotation":{"x":-0.0932692363858223,"y":0.8599047660827637,"z":-0.16984011232852937,"w":-0.4722341001033783},"size":0.8660253882408142,"orthographic":false}