{"cameraMode":{"drawMode":0,"name":"Shaded","section":"Shading Mode"},"sceneLighting":false,"audioPlay":false,"sceneViewState":{"m_AlwaysRefresh":false,"showFog":true,"showSkybox":false,"showFlares":true,"showImageEffects":true,"showParticleSystems":true,"showVisualEffectGraphs":true,"m_FxEnabled":true},"in2DMode":false,"pivot":{"x":-3.6135315895080569e-7,"y":0.1956454962491989,"z":0.01799425482749939},"rotation":{"x":0.022856004536151887,"y":-0.9672515392303467,"z":0.2351502627134323,"w":0.09339255094528198},"size":0.26392531394958498,"orthographic":false}